towns,population
BOSTON,675647
WORCESTER,206518
SPRINGFIELD,155929
CAMBRIDGE,118403
LOWELL,115554
BROCKTON,105643
QUINCY,101636
LYNN,101253
NEW BEDFORD,101079
FALL RIVER,94000
LAWRENCE,89143
NEWTON,88923
SOMERVILLE,81045
FRAMINGHAM,72362
HAVERHILL,67787
MALDEN,66263
WALTHAM,65218
BROOKLINE,63191
REVERE,62186
PLYMOUTH,61217
MEDFORD,59659
TAUNTON,59408
WEYMOUTH,57437
CHICOPEE,55560
PEABODY,54481
METHUEN,53039
EVERETT,49075
BARNSTABLE,48916
ATTLEBORO,46461
ARLINGTON,46308
SALEM,44480
PITTSFIELD,43927
LEOMINSTER,43782
BEVERLY,42670
BILLERICA,42119
FITCHBURG,41946
MARLBOROUGH,41793
WOBURN,40876
WESTFIELD,40834
CHELSEA,40787
AMHERST,39263
BRAINTREE,39143
SHREWSBURY,38325
HOLYOKE,38238
NATICK,37006
ANDOVER,36569
CHELMSFORD,36392
WATERTOWN,35329
RANDOLPH,34984
LEXINGTON,34454
DARTMOUTH,33783
FRANKLIN,33261
DRACUT,32617
FALMOUTH,32517
NEEDHAM,32091
NORWOOD,31611
TEWKSBURY,31342
NORTH ANDOVER,30915
NORTH ATTLEBOROUGH,30834
MILFORD,30379
MELROSE,29817
GLOUCESTER,29729
NORTHAMPTON,29571
WELLESLEY,29550
STOUGHTON,29281
WEST SPRINGFIELD,28835
AGAWAM,28692
BRIDGEWATER,28633
MILTON,28630
SAUGUS,28619
DANVERS,28087
BELMONT,27295
WAKEFIELD,27090
WALPOLE,26383
BURLINGTON,26377
MARSHFIELD,25825
READING,25518
DEDHAM,25364
EASTON,25058
YARMOUTH,25023
WESTFORD,24643
CANTON,24370
HINGHAM,24284
MIDDLEBOROUGH,24245
ACTON,24021
MANSFIELD,23860
WILMINGTON,23349
WAREHAM,23303
STONEHAM,23244
WINCHESTER,22970
WESTBOROUGH,21567
GARDNER,21287
LUDLOW,21002
BOURNE,20452
MARBLEHEAD,20441
SANDWICH,20259
HUDSON,20092
HOLDEN,19905
GRAFTON,19664
WINTHROP,19316
NORTON,19202
SCITUATE,19063
SUDBURY,18934
ASHLAND,18832
HOPKINTON,18758
FOXBOROUGH,18618
SHARON,18575
CONCORD,18491
PEMBROKE,18361
SOMERSET,18303
NEWBURYPORT,18289
SOUTH HADLEY,18150
ROCKLAND,17803
WEBSTER,17776
GREENFIELD,17768
SOUTHBRIDGE,17740
AMESBURY,17366
SWANSEA,17144
ABINGTON,17062
BELLINGHAM,16945
AUBURN,16889
EAST LONGMEADOW,16430
WESTPORT,16339
NORTHBRIDGE,16335
WESTWOOD,16266
EASTHAMPTON,16211
DUXBURY,16090
FAIRHAVEN,15924
LONGMEADOW,15853
NORTHBOROUGH,15741
NORTH READING,15554
SEEKONK,15531
CLINTON,15428
BELCHERTOWN,15350
RAYNHAM,15142
WHITMAN,15121
SWAMPSCOTT,15111
MASHPEE,15060
HOLLISTON,14996
HANOVER,14833
DENNIS,14674
WILBRAHAM,14613
EAST BRIDGEWATER,14440
BEDFORD,14383
NANTUCKET,14255
UXBRIDGE,14162
WAYLAND,13943
MILLBURY,13831
IPSWICH,13785
KINGSTON,13708
HARWICH,13440
OXFORD,13347
CHARLTON,13315
MEDWAY,13115
LYNNFIELD,13000
NORTH ADAMS,12961
MEDFIELD,12799
REHOBOTH,12502
PALMER,12448
TYNGSBOROUGH,12380
WRENTHAM,12178
SPENCER,11992
ATHOL,11945
DUDLEY,11921
WESTON,11851
LUNENBURG,11782
NORFOLK,11662
CARVER,11645
PEPPERELL,11604
LAKEVILLE,11523
HOLBROOK,11405
NORWELL,11351
GROTON,11315
LEICESTER,11087
MAYNARD,10746
HANSON,10639
ACUSHNET,10559
SOUTHBOROUGH,10450
WINCHENDON,10364
BREWSTER,10318
LITTLETON,10141
HULL,10072
WARE,10066
PLAINVILLE,9945
STURBRIDGE,9867
MIDDLETON,9779
SUTTON,9357
SALISBURY,9236
SOUTHWICK,9232
BLACKSTONE,9208
FREETOWN,9206
TOWNSEND,9127
RUTLAND,9049
DOUGLAS,8983
MONTAGUE,8580
AYER,8479
GEORGETOWN,8470
MILLIS,8460
LANCASTER,8441
COHASSET,8381
WESTMINSTER,8213
BOXFORD,8203
ADAMS,8166
MONSON,8150
TEMPLETON,8149
DIGHTON,8101
UPTON,8000
STERLING,7985
WEST BOYLSTON,7877
HALIFAX,7749
WEST BRIDGEWATER,7707
ORANGE,7569
HAMILTON,7561
WILLIAMSTOWN,7513
SHIRLEY,7431
STOW,7174
GREAT BARRINGTON,7172
LINCOLN,7014
ROCKPORT,6992
HARVARD,6851
BERKLEY,6764
GROVELAND,6752
MERRIMAC,6723
NEWBURY,6716
CHATHAM,6594
TOPSFIELD,6569
MATTAPOISETT,6508
DALTON,6330
ASHBURNHAM,6315
ORLEANS,6307
MENDON,6228
SOUTHAMPTON,6224
ROWLEY,6161
GRANBY,6110
HOPEDALE,6017
DOVER,5923
LEE,5788
EASTHAM,5752
ROCHESTER,5717
BOLTON,5665
BARRE,5530
BOXBOROUGH,5506
MANCHESTER-BY-THE-SEA,5395
MARION,5347
OAK BLUFFS,5341
HADLEY,5325
CARLISLE,5237
EDGARTOWN,5168
LENOX,5095
DEERFIELD,5090
PAXTON,5004
WENHAM,4979
WARREN,4975
HAMPDEN,4966
BOYLSTON,4849
TISBURY,4815
AVON,4777
NORTH BROOKFIELD,4735
WEST NEWBURY,4500
SHERBORN,4401
HUBBARDSTON,4328
WEST BROOKFIELD,3833
BRIMFIELD,3694
ESSEX,3675
PROVINCETOWN,3664
SUNDERLAND,3663
WELLFLEET,3566
WEST TISBURY,3555
PRINCETON,3495
BROOKFIELD,3439
DUNSTABLE,3358
HATFIELD,3352
NAHANT,3334
SHEFFIELD,3327
CHESHIRE,3258
ASHBY,3193
MILLVILLE,3174
BERLIN,3158
LANESBOROUGH,3038
PLYMPTON,2930
NORTHFIELD,2866
HARDWICK,2667
HOLLAND,2603
WILLIAMSBURG,2504
TRURO,2454
EAST BROOKFIELD,2224
BERNARDSTON,2102
HUNTINGTON,2094
STOCKBRIDGE,2018
BECKET,1931
HINSDALE,1919
SHELBURNE,1884
LEVERETT,1865
OAKHAM,1851
WALES,1832
BUCKLAND,1816
CONWAY,1761
PHILLIPSTON,1726
SHUTESBURY,1717
ASHFIELD,1695
ERVING,1665
CLARKSBURG,1657
RUSSELL,1643
OTIS,1634
WESTHAMPTON,1622
WHATELY,1607
COLRAIN,1606
GILL,1551
GRANVILLE,1538
NEW MARLBOROUGH,1528
RICHMOND,1407
EGREMONT,1372
WEST STOCKBRIDGE,1343
PELHAM,1280
ROYALSTON,1250
CHESTER,1228
BLANDFORD,1215
CHILMARK,1212
PETERSHAM,1194
WORTHINGTON,1193
CHESTERFIELD,1186
CHARLEMONT,1185
MONTEREY,1095
NEW BRAINTREE,996
SANDISFIELD,989
NEW SALEM,983
GOSHEN,970
WENDELL,924
WINDSOR,831
CUMMINGTON,829
MONTGOMERY,819
PERU,814
WARWICK,780
HANCOCK,757
LEYDEN,734
HEATH,723
FLORIDA,694
SAVOY,645
PLAINFIELD,633
WASHINGTON,494
ALFORD,486
TOLLAND,471
AQUINNAH,439
TYRINGHAM,427
ROWE,424
MIDDLEFIELD,385
HAWLEY,353
NEW ASHFORD,250
MOUNT WASHINGTON,160
MONROE,118
GOSNOLD,70