City/Town,,,"Obama/ Biden","McCain/ Palin","Nader/ Gonzalez","Barr/ Root","McKinney/ Clemente","Baldwin/ Castle","All Others",Blanks,"Total Votes Cast"
,,,Democratic,Republican,Unenrolled,Libertarian,Green-Rainbow,"Constitution Party"
Abington,,,"4,094","3,765",75,34,10,17,48,54,"8,097"
Acton,,,"7,894","3,477",79,71,18,7,55,34,"11,635"
Acushnet,,,"3,232","2,110",70,25,10,12,36,98,"5,593"
Adams,,,"3,066",893,56,16,7,11,19,31,"4,099"
Agawam,,,"7,595","6,428",230,74,26,25,58,74,"14,510"
Alford,,,261,57,1,0,0,2,0,2,323
Amesbury,,,"5,111","3,222",69,67,20,9,42,31,"8,571"
Amherst,,,"11,198","1,307",164,58,77,7,69,57,"12,937"
Andover,,,"10,177","7,798",127,88,30,12,59,53,"18,344"
Aquinnah,,,280,26,6,0,0,0,1,0,313
Arlington,,,"18,365","6,407",206,135,80,28,144,123,"25,488"
Ashburnham,,,"1,787","1,486",37,20,6,6,20,28,"3,390"
Ashby,,,885,932,22,11,9,4,8,10,"1,881"
Ashfield,,,903,198,9,7,8,1,3,7,"1,136"
Ashland,,,"5,060","3,184",65,55,20,4,36,56,"8,480"
Athol,,,"2,647","1,956",71,20,15,11,31,20,"4,771"
Attleboro,,,"10,523","8,003",211,104,38,49,90,67,"19,085"
Auburn,,,"4,794","3,849",118,45,14,22,53,55,"8,950"
Avon,,,"1,173","1,159",27,10,4,7,6,38,"2,424"
Ayer,,,"1,895","1,397",30,18,8,11,11,24,"3,394"
Barnstable,,,"13,559","11,084",208,103,37,37,0,181,"25,209"
Barre,,,"1,409","1,205",37,17,8,4,13,16,"2,709"
Becket,,,672,255,11,3,6,5,2,5,959
Bedford,,,"4,516","2,718",68,44,14,12,30,33,"7,435"
Belchertown,,,"4,829","2,683",100,21,24,12,27,37,"7,733"
Bellingham,,,"4,364","3,783",95,31,21,25,55,39,"8,413"
Belmont,,,"9,404","3,982",118,80,29,25,64,110,"13,812"
Berkley,,,"1,585","1,558",39,17,4,10,35,27,"3,275"
Berlin,,,870,712,15,27,4,3,0,22,"1,653"
Bernardston,,,849,354,16,5,4,3,6,8,"1,245"
Beverly,,,"12,247","7,780",193,109,27,27,0,231,"20,614"
Billerica,,,"9,700","9,280",202,79,35,25,127,98,"19,546"
Blackstone,,,"2,229","1,885",58,20,5,10,39,24,"4,270"
Blandford,,,339,344,7,4,3,2,1,1,701
Bolton,,,"1,598","1,214",24,13,7,5,25,9,"2,895"
Boston,,,"185,976","45,548","1,466",788,616,235,949,947,"236,525"
Bourne,,,"5,076","4,859",89,31,10,16,44,54,"10,179"
Boxborough,,,"1,798",996,20,22,5,5,5,15,"2,866"
Boxford,,,"2,286","2,586",33,28,5,7,20,16,"4,981"
Boylston,,,"1,352","1,215",31,15,4,6,17,9,"2,649"
Braintree,,,"9,298","8,964",176,68,22,23,149,132,"18,832"
Brewster,,,"3,903","2,535",66,40,19,12,16,76,"6,667"
Bridgewater,,,"5,889","5,861",122,55,20,18,80,65,"12,110"
Brimfield,,,984,979,54,10,5,7,4,6,"2,049"
Brockton,,,"23,299","9,646",244,96,56,60,127,225,"33,753"
Brookfield,,,875,829,23,5,5,9,16,8,"1,770"
Brookline,,,"22,484","4,842",180,113,78,15,136,123,"27,971"
Buckland,,,785,249,5,4,4,0,6,25,"1,078"
Burlington,,,"6,822","5,703",103,55,19,16,68,69,"12,855"
Cambridge,,,"40,876","4,697",340,229,181,48,160,196,"46,727"
Canton,,,"6,460","5,396",92,45,14,8,56,73,"12,144"
Carlisle,,,"2,116","1,053",30,14,4,4,7,18,"3,246"
Carver,,,"2,937","2,901",53,20,9,17,85,155,"6,177"
Charlemont,,,486,175,11,5,3,2,0,12,694
Charlton,,,"2,883","3,411",74,31,9,12,30,36,"6,486"
Chatham,,,"2,585","2,116",30,15,6,5,20,25,"4,802"
Chelmsford,,,"10,360","8,712",169,103,27,19,96,97,"19,583"
Chelsea,,,"5,926","1,820",59,23,37,15,0,194,"8,074"
Cheshire,,,"1,318",508,36,6,3,9,4,12,"1,896"
Chester,,,369,310,10,5,2,3,3,7,709
Chesterfield,,,444,265,8,5,6,2,3,3,736
Chicopee,,,"14,172","8,268",396,110,59,56,175,242,"23,478"
Chilmark,,,597,125,5,4,4,1,3,3,742
Clarksburg,,,635,236,11,2,2,2,4,13,905
Clinton,,,"3,701","2,563",88,29,11,14,56,44,"6,506"
Cohasset,,,"2,383","2,156",22,21,4,2,21,20,"4,629"
Colrain,,,654,245,14,7,3,9,3,8,943
Concord,,,"7,435","2,903",63,57,28,16,32,48,"10,582"
Conway,,,952,273,11,2,12,3,3,2,"1,258"
Cummington,,,376,148,10,3,1,0,0,3,541
Dalton,,,"2,559",916,47,6,9,6,15,9,"3,567"
Danvers,,,"7,558","6,093",131,55,15,17,111,70,"14,050"
Dartmouth,,,"10,442","5,876",172,56,16,23,152,73,"16,810"
Dedham,,,"7,108","5,361",116,62,25,20,71,94,"12,857"
Deerfield,,,"2,198",786,42,15,4,4,11,15,"3,075"
Dennis,,,"5,209","4,098",71,30,22,18,0,125,"9,573"
Dighton,,,"1,732","1,719",59,19,3,11,32,23,"3,598"
Douglas,,,"1,962","2,235",50,20,9,5,10,31,"4,322"
Dover,,,"1,741","1,614",20,14,4,2,17,16,"3,428"
Dracut,,,"7,216","7,284",138,59,15,18,0,154,"14,884"
Dudley,,,"2,525","2,366",61,24,13,14,36,26,"5,065"
Dunstable,,,916,892,17,12,4,4,12,9,"1,866"
Duxbury,,,"4,776","4,479",70,36,15,9,33,32,"9,450"
"E. Bridgewater",,,"3,332","3,706",62,41,9,5,34,35,"7,224"
"E. Brookfield",,,506,651,10,3,0,0,5,9,"1,184"
"E. Longmeadow",,,"4,296","4,109",111,27,11,16,35,35,"8,640"
Eastham,,,"2,349","1,416",32,12,8,2,10,14,"3,843"
Easthampton,,,"6,214","2,410",123,49,34,15,42,42,"8,929"
Easton,,,"6,111","5,667",80,46,13,9,65,69,"12,060"
Edgartown,,,"1,692",719,22,12,5,3,3,16,"2,472"
Egremont,,,658,170,8,3,2,1,0,5,847
Erving,,,565,216,11,1,1,4,5,3,806
Essex,,,"1,220",947,17,11,1,0,5,8,"2,209"
Everett,,,"8,338","4,140",149,40,28,34,113,141,"12,983"
Fairhaven,,,"5,299","2,914",96,31,8,22,63,75,"8,508"
"Fall River",,,"22,591","7,933",331,100,84,108,55,626,"31,828"
Falmouth,,,"11,725","7,503",150,76,41,22,82,87,"19,686"
Fitchburg,,,"8,596","5,378",150,65,31,30,90,92,"14,432"
Florida,,,267,147,8,4,0,2,0,2,430
Foxborough,,,"4,702","4,216",80,37,11,16,40,47,"9,149"
Framingham,,,"17,839","8,464",206,137,59,56,171,153,"27,085"
Franklin,,,"8,800","7,535",163,77,26,20,107,65,"16,793"
Freetown,,,"2,405","2,228",61,22,15,8,40,59,"4,838"
Gardner,,,"4,936","3,171",117,49,26,25,30,74,"8,428"
Georgetown,,,"2,358","2,271",46,15,2,11,28,15,"4,746"
Gill,,,672,220,10,4,2,1,6,4,919
Gloucester,,,"9,967","5,113",143,67,22,31,101,240,"15,684"
Goshen,,,403,185,13,6,1,0,0,4,612
Gosnold,,,52,26,2,0,0,0,0,0,80
Grafton,,,"4,722","4,057",92,49,9,13,45,40,"9,027"
Granby,,,"1,967","1,502",55,21,1,6,13,19,"3,584"
Granville,,,381,462,16,5,3,2,3,7,879
"Great Barrington",,,"3,074",574,48,17,9,10,16,26,"3,774"
Greenfield,,,"6,245","1,987",103,41,26,14,51,104,"8,571"
Groton,,,"3,450","2,439",55,46,16,16,43,72,"6,137"
Groveland,,,"1,898","1,867",34,23,6,6,16,17,"3,867"
Hadley,,,"2,138",876,38,11,9,6,11,14,"3,103"
Halifax,,,"1,928","2,026",48,17,8,8,41,21,"4,097"
Hamilton,,,"2,494","2,120",36,18,8,14,15,23,"4,728"
Hampden,,,"1,450","1,457",39,12,5,5,8,18,"2,994"
Hancock,,,248,132,3,4,2,4,0,6,399
Hanover,,,"3,600","4,411",60,30,4,12,36,19,"8,172"
Hanson,,,"2,571","2,758",48,20,5,7,30,43,"5,482"
Hardwick,,,776,582,19,6,8,2,12,10,"1,415"
Harvard,,,"2,206","1,158",18,32,9,7,41,18,"3,489"
Harwich,,,"4,538","3,314",71,30,10,7,24,149,"8,143"
Hatfield,,,"1,405",658,24,10,3,2,7,13,"2,122"
Haverhill,,,"15,552","10,814",223,160,54,51,0,284,"27,138"
Hawley,,,101,65,4,2,2,0,2,0,176
Heath,,,296,136,5,1,0,1,1,4,444
Hingham,,,"7,129","6,099",66,58,16,13,0,107,"13,488"
Hinsdale,,,723,332,20,7,3,1,3,17,"1,106"
Holbrook,,,"2,858","2,391",73,15,7,12,27,48,"5,431"
Holden,,,"5,360","4,805",120,56,19,18,46,41,"10,465"
Holland,,,654,636,22,4,5,3,8,9,"1,341"
Holliston,,,"4,830","3,219",72,55,7,10,42,35,"8,270"
Holyoke,,,"11,034","4,000",179,59,61,22,39,129,"15,523"
Hopedale,,,"1,847","1,451",40,15,2,9,12,18,"3,394"
Hopkinton,,,"4,455","3,753",57,51,6,9,33,30,"8,394"
Hubbardston,,,"1,188","1,272",34,19,6,13,15,9,"2,556"
Hudson,,,"5,639","3,826",105,49,63,15,37,92,"9,826"
Hull,,,"3,511","2,258",73,23,13,6,26,53,"5,963"
Huntington,,,608,482,29,10,9,2,0,3,"1,143"
Ipswich,,,"4,573","3,381",78,37,11,7,0,80,"8,167"
Kingston,,,"3,279","3,303",54,27,7,9,26,31,"6,736"
Lakeville,,,"2,456","3,060",66,31,10,9,30,71,"5,733"
Lancaster,,,"1,775","1,770",31,27,6,16,36,13,"3,674"
Lanesborough,,,"1,164",484,15,4,0,5,3,7,"1,682"
Lawrence,,,"15,632","3,624",128,48,40,34,72,82,"19,660"
Lee,,,"2,192",748,44,17,11,4,6,18,"3,040"
Leicester,,,"2,821","2,503",63,28,16,13,32,42,"5,518"
Lenox,,,"2,305",662,26,11,6,11,15,15,"3,051"
Leominster,,,"10,063","7,709",187,72,39,37,77,168,"18,352"
Leverett,,,"1,053",168,10,5,13,0,3,4,"1,256"
Lexington,,,"12,984","4,593",126,73,29,11,68,78,"17,962"
Leyden,,,344,112,7,3,3,3,0,3,475
Lincoln,,,"2,627",791,23,14,10,6,12,13,"3,496"
Littleton,,,"2,963","2,106",30,30,14,5,0,48,"5,196"
Longmeadow,,,"5,517","3,946",85,36,13,8,23,46,"9,674"
Lowell,,,"20,646","10,393",270,134,65,66,126,205,"31,905"
Ludlow,,,"5,638","4,038",148,24,25,18,37,48,"9,976"
Lunenburg,,,"2,889","2,706",56,33,14,11,0,47,"5,756"
Lynn,,,"20,276","8,719",300,99,75,55,215,217,"29,956"
Lynnfield,,,"3,018","3,811",52,26,9,5,29,34,"6,984"
Malden,,,"13,865","6,075",213,79,53,43,148,152,"20,628"
Manchester-by-the-Sea,,,"2,046","1,290",28,23,4,2,9,19,"3,421"
Mansfield,,,"6,052","5,176",89,48,17,14,73,213,"11,682"
Marblehead,,,"7,513","4,659",73,54,19,10,69,63,"12,460"
Marion,,,"1,804","1,266",22,17,2,0,9,14,"3,134"
Marlborough,,,"9,367","6,520",155,74,33,32,111,95,"16,387"
Marshfield,,,"7,255","7,026",113,54,22,16,68,50,"14,604"
Mashpee,,,"4,297","3,564",64,34,8,15,25,142,"8,149"
Mattapoisett,,,"2,177","1,733",33,9,8,4,18,65,"4,047"
Maynard,,,"3,549","1,967",53,42,15,8,24,16,"5,674"
Medfield,,,"3,848","3,264",43,34,10,10,16,68,"7,293"
Medford,,,"17,598","8,655",226,108,61,46,188,182,"27,064"
Medway,,,"3,736","3,122",56,32,10,8,35,27,"7,026"
Melrose,,,"9,139","5,846",135,76,30,15,84,80,"15,405"
Mendon,,,"1,513","1,641",33,17,6,3,19,16,"3,248"
Merrimac,,,"1,918","1,551",45,19,2,6,27,13,"3,581"
Methuen,,,"11,263","9,303",185,85,25,37,58,153,"21,109"
Middleborough,,,"5,155","5,857",109,53,19,25,46,177,"11,441"
Middlefield,,,194,98,4,0,0,1,1,2,300
Middleton,,,"1,982","2,266",27,15,10,6,10,52,"4,368"
Milford,,,"7,073","4,958",115,58,13,26,73,78,"12,394"
Millbury,,,"3,440","2,996",88,30,15,12,27,61,"6,669"
Millis,,,"2,494","1,996",32,22,10,6,13,35,"4,608"
Millville,,,733,772,18,6,3,2,0,13,"1,547"
Milton,,,"9,486","5,753",96,51,23,26,75,81,"15,591"
Monroe,,,40,19,0,0,0,0,0,1,60
Monson,,,"2,418","1,931",62,16,13,13,30,17,"4,500"
Montague,,,"3,261",967,58,17,33,11,9,29,"4,385"
Monterey,,,464,109,11,0,2,0,0,1,587
Montgomery,,,236,257,11,2,1,0,2,6,515
"Mount Washington",,,91,21,4,0,0,0,1,1,118
Nahant,,,"1,343",887,25,10,3,1,13,32,"2,314"
Nantucket,,,"4,073","1,863",49,23,11,8,25,29,"6,081"
Natick,,,"11,406","6,050",167,92,39,18,86,297,"18,155"
Needham,,,"11,331","5,652",87,75,15,18,63,95,"17,336"
"New Ashford",,,96,40,6,0,2,0,1,0,145
"New Bedford",,,"24,881","8,201",302,87,68,90,261,437,"34,327"
"New Braintree",,,289,248,3,3,4,3,1,3,554
"New Marlborough",,,601,213,9,2,5,1,0,7,838
"New Salem",,,395,190,12,10,2,1,5,3,618
Newbury,,,"2,326","1,883",43,20,11,1,19,26,"4,329"
Newburyport,,,"7,118","3,517",91,60,16,19,58,65,"10,944"
Newton,,,"33,360","10,283",296,223,83,39,224,212,"44,720"
Norfolk,,,"2,508","2,723",60,30,4,7,24,11,"5,367"
"N. Adams",,,"4,519","1,203",78,18,16,18,43,53,"5,948"
"N. Andover",,,"7,777","6,939",105,66,23,18,17,117,"15,062"
"N. Attleborough",,,"7,099","6,713",129,67,23,26,77,149,"14,283"
"N. Brookfield",,,"1,091","1,224",33,10,4,9,9,18,"2,398"
"N. Reading",,,"4,056","4,233",51,31,6,9,38,36,"8,460"
Northampton,,,"13,412","2,387",175,63,110,19,59,116,"16,341"
Northborough,,,"4,516","3,401",61,42,14,18,0,97,"8,149"
Northbridge,,,"3,625","3,748",97,40,11,15,43,36,"7,615"
Northfield,,,"1,228",463,21,6,7,5,3,12,"1,745"
Norton,,,"4,542","4,194",73,40,15,10,49,40,"8,963"
Norwell,,,"2,947","3,263",47,29,7,4,20,27,"6,344"
Norwood,,,"7,944","6,033",154,51,18,30,94,93,"14,417"
"Oak Bluffs",,,"1,931",706,22,4,6,3,7,9,"2,688"
Oakham,,,520,562,17,13,2,1,5,10,"1,130"
Orange,,,"1,903","1,366",49,13,10,9,0,37,"3,387"
Orleans,,,"2,677","1,870",27,14,2,7,16,51,"4,664"
Otis,,,504,318,15,6,7,1,4,4,859
Oxford,,,"3,237","3,061",93,28,8,21,34,29,"6,511"
Palmer,,,"3,229","2,481",104,23,17,20,5,57,"5,936"
Paxton,,,"1,263","1,194",34,10,4,3,10,78,"2,596"
Peabody,,,"14,818","10,800",227,78,52,33,242,191,"26,441"
Pelham,,,753,125,3,0,9,0,5,2,897
Pembroke,,,"4,672","4,660",80,34,16,11,44,53,"9,570"
Pepperell,,,"3,029","3,116",57,54,10,19,29,22,"6,336"
Peru,,,305,148,4,4,1,3,0,4,469
Petersham,,,466,331,10,3,6,3,1,3,823
Phillipston,,,501,427,13,6,1,3,5,8,964
Pittsfield,,,"15,665","4,404",266,69,74,54,49,156,"20,737"
Plainfield,,,294,89,3,2,2,0,2,3,395
Plainville,,,"2,114","2,036",39,24,7,5,20,52,"4,297"
Plymouth,,,"15,180","13,139",248,103,45,37,148,141,"29,041"
Plympton,,,787,884,19,5,1,4,5,8,"1,713"
Princeton,,,"1,138","1,008",22,17,5,6,17,28,"2,241"
Provincetown,,,"2,067",256,17,12,5,0,0,22,"2,379"
Quincy,,,"22,810","15,546",408,149,94,71,308,479,"39,865"
Randolph,,,"10,424","3,811",115,38,21,24,83,66,"14,582"
Raynham,,,"3,336","3,524",84,28,7,10,35,52,"7,076"
Reading,,,"7,694","5,831",105,61,15,20,18,116,"13,860"
Rehoboth,,,"3,147","2,945",61,23,5,25,14,80,"6,300"
Revere,,,"9,941","6,242",171,52,54,36,189,237,"16,922"
Richmond,,,720,223,10,5,4,0,2,11,975
Rochester,,,"1,467","1,555",31,22,5,8,10,25,"3,123"
Rockland,,,"4,318","4,035",106,33,19,23,69,48,"8,651"
Rockport,,,"3,088","1,469",38,20,12,7,19,32,"4,685"
Rowe,,,140,104,5,5,0,0,1,9,264
Rowley,,,"1,681","1,690",25,18,4,3,15,13,"3,449"
Royalston,,,399,259,7,5,9,2,5,9,695
Russell,,,409,370,18,3,0,4,5,7,816
Rutland,,,"2,027","2,081",38,16,4,10,17,13,"4,206"
Salem,,,"13,080","5,601",195,110,48,35,144,103,"19,316"
Salisbury,,,"2,270","1,823",52,22,6,8,20,21,"4,222"
Sandisfield,,,274,144,15,2,4,1,4,4,448
Sandwich,,,"6,126","5,942",84,36,18,20,37,245,"12,508"
Saugus,,,"6,769","6,314",155,45,19,24,64,114,"13,504"
Savoy,,,274,111,9,5,0,2,1,2,404
Scituate,,,"5,850","5,121",89,43,17,12,45,57,"11,234"
Seekonk,,,"4,067","3,061",79,25,9,17,30,130,"7,418"
Sharon,,,"6,622","3,179",81,43,24,15,57,153,"10,174"
Sheffield,,,"1,378",452,29,10,12,6,4,14,"1,905"
Shelburne,,,916,246,15,7,0,1,7,20,"1,212"
Sherborn,,,"1,609","1,029",23,24,3,1,9,7,"2,705"
Shirley,,,"1,609","1,421",34,18,12,10,21,19,"3,144"
Shrewsbury,,,"10,000","7,296",183,72,30,20,81,147,"17,829"
Shutesbury,,,"1,038",154,10,3,11,2,2,12,"1,232"
Somerset,,,"6,368","3,537",94,37,19,33,0,215,"10,303"
Somerville,,,"26,665","5,215",298,203,155,54,172,299,"33,061"
"S. Hadley",,,"5,671","3,199",102,29,15,12,0,82,"9,110"
Southampton,,,"1,911","1,416",40,15,8,4,16,18,"3,428"
Southborough,,,"3,201","2,379",51,37,8,5,27,24,"5,732"
Southbridge,,,"4,466","2,346",95,31,21,17,33,35,"7,044"
Southwick,,,"2,267","2,467",68,24,8,15,18,27,"4,894"
Spencer,,,"2,799","2,697",67,33,9,14,28,22,"5,669"
Springfield,,,"39,516","11,331",445,120,112,81,183,333,"52,121"
Sterling,,,"2,159","2,423",45,37,7,7,21,15,"4,714"
Stockbridge,,,998,214,17,8,2,0,7,7,"1,253"
Stoneham,,,"6,625","5,231",98,39,16,17,74,56,"12,156"
Stoughton,,,"7,915","5,296",130,68,22,26,87,92,"13,636"
Stow,,,"2,319","1,592",33,33,9,3,15,20,"4,024"
Sturbridge,,,"2,738","2,322",61,31,14,13,18,11,"5,208"
Sudbury,,,"6,502","3,613",56,54,15,15,0,72,"10,327"
Sunderland,,,"1,433",383,30,10,6,5,6,7,"1,880"
Sutton,,,"2,362","2,736",62,34,21,8,28,23,"5,274"
Swampscott,,,"5,103","2,844",74,44,15,9,43,59,"8,191"
Swansea,,,"4,887","3,408",97,26,18,25,40,62,"8,563"
Taunton,,,"13,243","8,677",259,89,48,55,164,197,"22,732"
Templeton,,,"1,909","1,701",53,19,11,10,23,26,"3,752"
Tewksbury,,,"7,628","7,683",145,59,16,25,103,87,"15,746"
Tisbury,,,"1,830",541,20,11,7,5,6,20,"2,440"
Tolland,,,128,138,5,0,4,1,0,0,276
Topsfield,,,"1,824","1,837",25,29,5,7,16,116,"3,859"
Townsend,,,"2,326","2,572",64,32,11,7,28,20,"5,060"
Truro,,,"1,056",353,11,6,9,1,5,5,"1,446"
Tyngsborough,,,"2,955","3,085",42,19,9,6,34,11,"6,161"
Tyringham,,,194,79,1,1,0,0,0,5,280
Upton,,,"2,077","1,927",43,39,9,0,24,16,"4,135"
Uxbridge,,,"3,476","3,532",83,36,12,17,41,37,"7,234"
Wakefield,,,"7,743","6,118",133,64,16,19,83,70,"14,246"
Wales,,,537,446,17,5,1,3,6,5,"1,020"
Walpole,,,"6,600","6,712",132,45,21,12,63,70,"13,655"
Waltham,,,"15,276","8,383",239,113,61,34,178,121,"24,405"
Ware,,,"2,552","1,821",67,16,21,15,30,33,"4,555"
Wareham,,,"6,199","4,398",101,29,21,17,87,62,"10,914"
Warren,,,"1,184","1,062",43,9,7,11,0,27,"2,343"
Warwick,,,328,110,3,3,2,3,0,4,453
Washington,,,258,82,9,0,0,0,0,2,351
Watertown,,,"11,520","4,249",144,57,53,22,79,76,"16,200"
Wayland,,,"5,488","2,476",49,52,15,9,31,48,"8,168"
Webster,,,"3,461","2,975",91,38,24,11,39,66,"6,705"
Wellesley,,,"9,270","4,885",78,68,17,8,61,173,"14,560"
Wellfleet,,,"1,550",597,27,9,4,4,4,18,"2,213"
Wendell,,,474,69,9,2,7,2,4,1,568
Wenham,,,"1,182","1,108",9,15,3,5,12,11,"2,345"
"W. Boylston",,,"2,019","1,891",46,12,4,4,21,17,"4,014"
"W. Bridgewater",,,"1,701","2,163",38,23,9,4,29,25,"3,992"
"W. Brookfield",,,"1,010",936,34,9,4,9,15,16,"2,033"
"W. Newbury",,,"1,508","1,202",23,20,1,1,9,8,"2,772"
"W. Springfield",,,"6,751","5,128",197,47,27,22,43,74,"12,289"
"W. Stockbridge",,,720,152,8,7,6,2,0,8,903
"W. Tisbury",,,"1,531",299,16,6,7,2,5,8,"1,874"
Westborough,,,"5,308","3,496",89,49,12,8,37,64,"9,063"
Westfield,,,"9,304","7,762",271,70,32,33,73,143,"17,688"
Westford,,,"6,795","5,501",86,78,18,8,54,42,"12,582"
Westhampton,,,681,414,6,2,2,1,1,7,"1,114"
Westminster,,,"2,144","1,992",53,25,16,13,34,25,"4,302"
Weston,,,"3,902","2,446",47,38,8,4,32,26,"6,503"
Westport,,,"5,319","3,087",104,23,15,22,0,100,"8,670"
Westwood,,,"4,564","3,985",71,45,12,9,41,48,"8,775"
Weymouth,,,"14,727","12,358",275,95,43,53,206,173,"27,930"
Whately,,,660,290,24,4,2,0,3,11,994
Whitman,,,"3,504","3,531",79,27,14,12,23,59,"7,249"
Wilbraham,,,"4,230","4,062",93,35,11,8,43,102,"8,584"
Williamsburg,,,"1,309",331,21,12,8,5,8,6,"1,700"
Williamstown,,,"2,957",707,22,9,12,6,12,13,"3,738"
Wilmington,,,"5,812","5,923",125,45,17,14,42,64,"12,042"
Winchendon,,,"2,294","1,866",61,21,10,17,14,40,"4,323"
Winchester,,,"7,381","4,846",84,64,15,8,12,98,"12,508"
Windsor,,,398,142,8,2,2,2,0,3,557
Winthrop,,,"5,284","3,584",92,28,24,10,56,74,"9,152"
Woburn,,,"10,237","8,466",170,70,27,35,70,154,"19,229"
Worcester,,,"41,352","18,474",682,240,160,125,341,434,"61,808"
Worthington,,,510,222,13,2,4,1,2,4,758
Wrentham,,,"2,911","3,073",64,29,13,11,43,27,"6,171"
Yarmouth,,,"7,547","6,187",124,41,16,29,59,136,"14,139"
TOTALS,,,"1,904,097","1,108,854","28,841","13,189","6,550","4,971","14,483","22,010","3,102,995"
